[
  {
    "id": "ผู้เล่น",
    "name": "The Chosen One",
    "image": "https://cdn.discordapp.com/attachments/789513473800929282/1122881448446263326/1687715041709.png?ex=671e4057&is=671ceed7&hm=56ff187554ed3ebbaee4bd19a9d6ecb396381ce552734e5083c153abe59338b9&",
    "details": "เป็นตัวละครที่ผู้เล่นจะได้เล่น"
  },
  {
    "id": "ศัตรู",
    "name": "The Tormentor",
    "image": "https://cdn.discordapp.com/attachments/789513473800929282/1210881484584648734/FDx8lC_X0AU8O9E.png?ex=671e0843&is=671cb6c3&hm=13fb995fcd699f0f7214b9385d3c18e082690b5b63199b3bc69ae8c11b3682cf&",
    "details": "เป็นศัตรูของผู้เล่น"
  },
{
    "id": "NPC",
    "name": "The Lover",
    "image": "https://cdn.discordapp.com/attachments/789513473800929282/1187280181400965180/360.png?ex=671e8615&is=671d3495&hm=1730a9acbbfb60f2a2bb4c966e36fcfb2139469562bc2449538c6c236c65c0ae&",
    "details": "เป็นพันธมิตรของผู้เล่น"
  }
]
